{"2019-12-29":{"0":{"user":"miyuki","action":"DOWNLOAD","type":"file","item":".\/uploads\/Alan-Walker---All-Falls-Down-(Mio-Remix).mp4","time":"02:38:38"},"1":{"user":"miyuki","action":"ADD","type":"file","item":".\/uploads\/loli\/npp.7.6.6.Installer.exe","time":"02:45:58"},"2":{"user":"miyuki","action":"ADD","type":"folder","item":".\/uploads\/loli\/test","time":"02:47:10"},"3":{"user":"miyuki","action":"REMOVE","type":"folder","item":".\/uploads\/loli\/test","time":"02:47:39"},"4":{"user":"ali","action":"DOWNLOAD","type":"folder","item":"loli.zip","time":"02:48:16"},"5":{"user":"ali","action":"DOWNLOAD","type":"folder","item":"loli.zip","time":"02:48:16"},"6":{"user":"ali","action":"REMOVE","type":"folder","item":".\/uploads\/loli","time":"02:48:25"},"7":{"user":"miyuki","action":"REMOVE","type":"file","item":".\/uploads\/Alan-Walker---All-Falls-Down-(Mio-Remix).mp4","time":"03:16:14"},"8":{"user":"ali","action":"ADD","type":"file","item":".\/uploads\/875526.jpg","time":"03:16:35"},"9":{"user":"miyuki","action":"ADD","type":"folder","item":".\/uploads\/test","time":"03:21:14"},"10":{"user":"miyuki","action":"DOWNLOAD","type":"file","item":".\/uploads\/875526.jpg","time":"03:24:50"},"11":{"user":"miyuki","action":"ADD","type":"file","item":".\/uploads\/cover-makalah.docx","time":"03:32:40"},"12":{"user":"miyuki","action":"DOWNLOAD","type":"file","item":".\/uploads\/cover-makalah.docx","time":"03:32:44"},"13":{"user":"miyuki","action":"DOWNLOAD","type":"file","item":".\/uploads\/cover-makalah.docx","time":"03:33:02"},"14":{"user":"ali","action":"ADD","type":"file","item":".\/uploads\/Anime-girl-glitch.jpg","time":"12:31:46"},"15":{"user":"ali","action":"DOWNLOAD","type":"file","item":".\/uploads\/Anime-girl-glitch.jpg","time":"12:32:10"}}}