{"2019-12-28":{"0":{"user":"admin","action":"ADD","type":"file","item":".\/uploads\/Alan-Walker---Unity-(Lyrics)-ft.-Walkers[1].mp3","time":"14:59:42"},"1":{"user":"admin","action":"ADD","type":"file","item":".\/uploads\/Alan-Walker---Unity-(Lyrics)-ft.-Walkers[1].mp4","time":"15:00:06"},"2":{"user":"admin","action":"DOWNLOAD","type":"file","item":".\/uploads\/Alan-Walker---Unity-(Lyrics)-ft.-Walkers[1].mp3","time":"15:23:02"},"3":{"user":"admin","action":"PLAY","type":"file","item":".\/uploads\/Alan-Walker---Unity-(Lyrics)-ft.-Walkers[1].mp3","time":"15:23:11"},"4":{"user":"admin","action":"REMOVE","type":"folder","item":".\/uploads\/loli","time":"15:23:32"},"5":{"user":"ali","action":"REMOVE","type":"file","item":".\/uploads\/Alan-Walker---Unity-(Lyrics)-ft.-Walkers[1].mp4","time":"15:25:38"},"6":{"user":"ali","action":"REMOVE","type":"file","item":".\/uploads\/Alan-Walker---Unity-(Lyrics)-ft.-Walkers[1].mp3","time":"15:25:38"},"7":{"user":"ali","action":"ADD","type":"file","item":".\/uploads\/Alan-Walker---Unity-(Lyrics)-ft.-Walkers[1].mp3","time":"15:33:28"},"8":{"user":"ali","action":"PLAY","type":"file","item":".\/uploads\/Alan-Walker---Unity-(Lyrics)-ft.-Walkers[1].mp3","time":"15:33:35"},"9":{"user":"ali","action":"REMOVE","type":"file","item":".\/uploads\/Alan-Walker---Unity-(Lyrics)-ft.-Walkers[1].mp3","time":"15:50:05"},"10":{"user":"ali","action":"ADD","type":"file","item":".\/uploads\/Alan-Walker---Unity-(Lyrics)-ft.-Walkers.mp3","time":"15:51:20"},"11":{"user":"ali","action":"ADD","type":"file","item":".\/uploads\/Alan-Walker---All-Falls-Down-(Mio-Remix).mp4","time":"15:51:40"},"12":{"user":"ali","action":"ADD","type":"file","item":".\/uploads\/SCHOOLGIRL-(Glitch)-\u2013-Sad-Anime-Japanese-Est\u00e9tico-\u2022-Millones-de-dise\u00f1os-originales-hechos-por-artistas-independientes_.jpg","time":"15:51:52"},"13":{"user":"ali","action":"PLAY","type":"file","item":".\/uploads\/Alan-Walker---Unity-(Lyrics)-ft.-Walkers.mp3","time":"15:51:57"},"14":{"user":"ali","action":"REMOVE","type":"file","item":".\/uploads\/SCHOOLGIRL-(Glitch)-\u2013-Sad-Anime-Japanese-Est\u00e9tico-\u2022-Millones-de-dise\u00f1os-originales-hechos-por-artistas-independientes_.jpg","time":"15:52:29"}}}